{
  "full_description": "There are three blocks on the table, the color of the blocks is random, move the blocks to the center of the table, and arrange them from largest to smallest, from left to right.",
  "schema": "{A} notifies the large size block, {B} notifies the medium size block, {C} notifies the small size block, {a} notifies the arm to grab large size block, {b} notifies the arm to grab medium size block, {c} notifies the arm to grab small size block",
  "preference": "num of words should not exceed 15. Degree of detail avg 8",
  "seen": [
    "Move {A}, {B}, and {C} to the center and align.",
    "Pick {A} first, {B} next, and {C} last, and arrange them.",
    "Take {A} with {a}, {B} with {b}, and {C} with {c} to the middle.",
    "Use {a}, {b}, and {c} to center {A}, {B}, and {C} in order.",
    "Center {A}, {B}, {C} with {a}, {b}, and {c} following size order.",
    "Shift {A}, {B}, and {C} to the center and align by size.",
    "Move {A}, {B}, and {C} to the table center in size order.",
    "Relocate {A}, {B}, and {C} to the center and arrange them by size.",
    "Pick {A}, {B}, and {C} sequentially and move them to the center.",
    "Use {a}, {b}, {c} to place {A}, {B}, and {C} by size at the center.",
    "Position {A}, {B}, then {C} at the center in size order.",
    "Grab {A}, {B}, {C}, move them, and arrange by size centrally.",
    "Shift {A}, {B}, {C} to the center; align by size left to right.",
    "Set {A} first, {B} second, and {C} third, ordered at the center.",
    "Grab {A}, place it, then {B} and {C}, arranging by size centrally.",
    "Position {A}, {B}, and {C} centrally, ordered from largest to smallest.",
    "Grab {A}, {B}, {C}, and arrange them in size order at the center.",
    "Move {A}, {B}, and {C} to the center, arranging them by size.",
    "Place {A}, {B}, {C} centrally and arrange largest to smallest.",
    "Grab {A}, {B}, and {C}, set them centrally, ordered by size.",
    "Using {a}, place {A} at the table's center-left.",
    "Set {B} next to {A} in the center using {b}.",
    "Place {C} right of {B} to complete the arrangement.",
    "Move the largest block to the center-left of the table.",
    "Using {b}, position {B} centrally, next to {A}.",
    "Arrange blocks {A}, {B}, and {C} in decreasing size order.",
    "Put {A}, {B}, and {C} in the center by size.",
    "Use {c} to move {C} next to {B} and complete the lineup.",
    "Move all blocks to the center and sort them by size.",
    "Using your tools, align {A}, {B}, {C} by size in the center.",
    "Arrange {A}, {B}, {C} in size order, largest on the left.",
    "Bring {A}, {B}, and {C} to the center, sorting largest to smallest.",
    "Transfer {A}, {B}, {C} to the center, aligning from largest to smallest.",
    "Use {a}, {b}, and {c} to arrange {A}, {B}, and {C} centrally by size.",
    "Grab {A}, {B}, {C} with {a}, {b}, {c} and organize them by descending size.",
    "Pick up {A} using {a}, move it to the center, followed by {B} and {C}.",
    "Align {A}, {B}, and {C} in the center by size, using {a}, {b}, and {c}.",
    "Place {A}, {B}, and {C} at the center and sort them from largest to smallest.",
    "Organize {A}, {B}, and {C} in the center of the table by size, largest first.",
    "Set {A}, {B}, and {C} in the center area, arranging from largest to smallest.",
    "Arrange {A}, {B}, and {C} by size at the center.",
    "Use {a}, {b}, and {c} to bring {A}, {B}, {C} to the center.",
    "Move {A} with {a}, {B} with {b}, and {C} with {c} to arrange them.",
    "Grab {A}, {B}, and {C} and align them by size at the center.",
    "Bring {A}, {B}, and {C} to the center using {a}, {b}, and {c}.",
    "Shift {A}, {B}, and {C} to the table's center and sort by size.",
    "Use {a}, {b}, and {c} to arrange {A}, {B}, {C} in order here.",
    "Align {A}, {B}, and {C} by size from left to right at the center.",
    "Move {A} with {a}, {B} with {b}, and {C} with {c} to sort them.",
    "Bring {A}, {B}, {C} to the table's center and position them left to right."
  ],
  "unseen": [
    "Place {A}, {B}, and {C} at the table center.",
    "Take {A}, {B}, and {C} to the table center.",
    "Place {A}, {B}, and {C} in order at the table's center.",
    "Move {A}, {B}, and {C} to the center, arrange left to right.",
    "Move {A}, {B}, and {C} to the table center.",
    "Arrange {A}, {B}, and {C} from largest to smallest.",
    "Place {A}, {B}, and {C} at the table center, largest to smallest.",
    "Move {A}, {B}, and {C} to the center, ordering largest to smallest.",
    "Place {A}, {B}, and {C} in order at the center.",
    "Move {A}, {B}, and {C} to the center table."
  ]
}