{
  "full_description": "Use one arm to grasp the microphone on the table and handover it to the other arm.",
  "schema": "{A} notifies the microphone, {a} notifies the arm to grab the microphone, {b} notifies the arm to hand over to",
  "preference": "num of words should not exceed 15",
  "seen": [
    "Pick {A} and transfer it to the other arm.",
    "Hold {A} and pass it to the other hand.",
    "Grasp {A}, then give it to the other arm.",
    "Lift {A} and pass it across.",
    "Secure {A} using one arm and transfer it.",
    "Pick up {A} and hand it to the other side.",
    "Grab {A} and give it to the opposite arm.",
    "Take {A} and move it to the other hand.",
    "Hold {A} firmly and pass it to the other arm.",
    "Lift {A} and deliver it to the other side.",
    "Use {a} to grab {A} and transfer it to {b}.",
    "Lift {A} and hand it over to the other arm.",
    "Grasp {A} and pass it across.",
    "Take {A} and move it to another hand.",
    "Hold {A} and deliver it to another side.",
    "Lift {A} and hand it to someone else.",
    "Use one hand to grab {A} and pass it.",
    "Grasp {A} and switch it to another hand.",
    "Secure {A} from the table and transfer it.",
    "Take hold of {A} and pass it to {b}.",
    "Use {a} to hold {A}, then give it to {b}.",
    "Hold {A} securely and shift it to another arm.",
    "Lift {A} using {a} and pass it to {b}.",
    "Pick {A} from the surface and switch hands.",
    "Hold {A} with {a} and give it to {b}.",
    "Grasp {A} and shift it to the opposite hand.",
    "Take {A} using {a} and transfer it to {b}.",
    "Lift {A} and hand it over to the other side.",
    "Grab {A} using {a} and pass it over to {b}.",
    "Reach for {A} and move it to the other hand.",
    "Hold {A} with one hand and transfer it",
    "Take {A} and give it to the other {b}",
    "Grip {A} and pass it to the other side",
    "Use one {a} to grab {A} and give it away",
    "Lift {A} and place it in the other {b}",
    "Seize {A} and offer it to the other arm",
    "Take {A} and pass it to another hand",
    "Pass {A} from one side to the other {b}",
    "Pick up {A} and move it to the opposite side",
    "Grab {A} and transfer it to another hand",
    "Use one arm to pick up {A} and give it to the other.",
    "Pick up {A} and transfer it to the opposite side.",
    "Hold {A} and shift it to the other arm.",
    "Lift {A}, then pass it across without delay.",
    "Grab {A} and smoothly give it to the other arm.",
    "Take {A}, shift it, and release it to the other side.",
    "Pick up {A}, pass it to the other arm, and release.",
    "Lift {A} and hand it to the other side easily.",
    "Grasp {A}, transfer it, then let go of it smoothly.",
    "Take {A}, pass it, and release it to complete the task."
  ],
  "unseen": [
    "Grab {A} from the table and pass it over.",
    "Use one arm to hold {A} and hand it over.",
    "Grab {A} from the table and hand it to {b}.",
    "Pick up {A} and pass it to {b}.",
    "Pick up {A} and transfer it to the other hand.",
    "Grab {A} from the table and pass it across.",
    "Grab {A} and pass it to another {b}",
    "Pick up {A} and hand it over",
    "Grab {A} and pass it to the other arm.",
    "Take hold of {A} and hand it over."
  ]
}