{
  "full_description": "Use one arm to pick the pillbottle and place it onto the pad.",
  "schema": "{A} notifies the pillbottle, {a} notifies the arm to move the pillbottle",
  "preference": "num of words should not exceed 10",
  "seen": [
    "Move {A} with one arm to the pad",
    "Lift {A} with {a} and drop on pad",
    "Pick {A} and place it on the pad",
    "Use {a} to move {A} to the pad",
    "Grab {A} and drop it onto the pad",
    "Lift {A} with {a} and set it down",
    "Take {A} and put it onto the pad",
    "Use {a} to set {A} onto the pad",
    "Move {A} and position it on the pad",
    "Grab and transfer {A} with {a} to pad",
    "Use {a} to lift {A} and place it",
    "Move {A} using {a} and drop it on pad",
    "Place {A} on pad after lifting with {a}",
    "Lift {A} and carefully place it on pad",
    "Pick {A} with {a} and position it onto pad",
    "Grab {A} and drop it on the pad",
    "Use {a} to pick {A}, then place it on pad",
    "Pick {A} up and set it onto the pad",
    "Set {A} on pad after lifting it with {a}",
    "Move {A} to the pad and let it rest there",
    "Grab {A} and place it on the pad",
    "Use {a} to grab {A} and place it",
    "Pick {A} up and drop it onto the pad",
    "Move {A} onto the pad using {a}",
    "Lift {A} and set it on the pad",
    "Use {a} to lift {A} and position it",
    "Take {A} and place it onto the pad",
    "Use {a} to take {A} and move it",
    "Pick {A} using {a} and set it on pad",
    "Move {A} to the pad and leave it there",
    "Grab {A} with {a} and move it to the pad.",
    "Place {A} onto the pad after picking it.",
    "Lift {A} using {a} and position it on the pad.",
    "Move {A} to the pad and release it there.",
    "Pick {A} with {a} and drop it onto the pad.",
    "Set {A} down on the pad after picking it.",
    "Use {a} to grab {A} and put it on the pad.",
    "Place {A} on the pad after lifting it up.",
    "Grab {A} and carefully set it onto the pad.",
    "Use {a} to pick and place {A} onto the pad.",
    "Move {A} and drop it on the pad",
    "Pick {A} with {a} and place it down",
    "Grab {A} and position it on the pad",
    "Use {a} to move {A} to the pad",
    "Lift {A} and gently lower onto the pad",
    "Control {a} to pick {A} and set it down",
    "Grab {A} carefully and drop it on pad",
    "Use {a} to place {A} on the pad",
    "Hold {A} and position it on the pad",
    "Direct {a} to grab {A} and drop it there"
  ],
  "unseen": [
    "Pick {A} and set it on the pad",
    "Use {a} to grab {A} and place it",
    "Grab {A} and set it on the pad",
    "Pick {A} and put it onto the pad",
    "Pick {A} and set it on the pad",
    "Use {a} to move {A} onto the pad",
    "Use {a} to pick {A} and place it.",
    "Pick {A} and set it onto the pad.",
    "Pick {A} and set it on the pad",
    "Use {a} to grab {A} and place it"
  ]
}