{
  "full_description": "Use one arm to open the laptop.",
  "schema": "{A} notifies the laptop. {a} notifies the arm used to open the laptop.",
  "preference": "num of words should not exceed 6!!!!!. Degree of detail avg is 2.",
  "seen": [
    "Raise {A} lid with {a}.",
    "Fully open the {A}.",
    "Use {a} to open {A}.",
    "Lift {A} lid completely.",
    "Raise {A} lid using {a}.",
    "Open {A} entirely.",
    "Fully lift {A} using {a}.",
    "Open {A} completely.",
    "Use {a} to raise {A}.",
    "Lift {A} to open.",
    "Open {A} carefully with {a}.",
    "Lift and open {A}.",
    "Pull {A} upward lightly.",
    "Raise {A} using {a}.",
    "Pull {A} open with {a}.",
    "Gently open {A}.",
    "Use {a} to raise {A}.",
    "Lift {A} slightly.",
    "Raise and open {A}.",
    "Use {a} to open {A}.",
    "Use {a} to open {A}",
    "Raise the top of {A}",
    "Gently lift {A} using {a}",
    "Pull open {A}",
    "Carefully open {A} using {a}",
    "Lift {A} to open it up",
    "Use {a} to lift {A}",
    "Pull up the lid of {A}",
    "Open {A} lifting with {a}",
    "Raise {A} to expose the screen",
    "Lift {A}'s lid upwards.",
    "Use {a} to raise {A}.",
    "Raise {A} using {a}.",
    "Grip and lift {A}'s lid.",
    "Hold {A} steady, lift lid.",
    "Gently raise {A} using {a}.",
    "Open {A} by lifting its lid.",
    "Lift {A}'s lid using {a}.",
    "With {a}, open {A}'s lid.",
    "Pull the lid of {A} upward.",
    "Raise the lid of {A}.",
    "Use {a} to open {A}.",
    "Lift {A} open with {a}.",
    "Raise {A}'s top section.",
    "Pull {A}'s lid upward.",
    "Gently open {A} upward.",
    "Push {A}'s lid upward using {a}.",
    "Raise {A} using {a} firmly.",
    "Slide {A} open with {a}.",
    "Pull the screen of {A}."
  ],
  "unseen": [
    "Open {A} using {a}.",
    "Lift {A}'s lid fully.",
    "Grab {A} and open it.",
    "Lift {A} using {a}.",
    "Lift {A} using {a}",
    "Open {A} with care",
    "Pull up {A}'s lid.",
    "Open {A} with one motion.",
    "Lift {A}'s lid gently.",
    "Open {A} carefully using {a}."
  ]
}