{
  "full_description": "Pick up one bottle with one arm, and pick up another bottle with the other arm.",
  "schema": "{A} notifies the left bottle to be catched,{B} notifies the right bottle to be catched. arm comes as a literal here",
  "preference": "num of words should not exceed 10. Degree of detail avg 5",
  "seen": [
    "Lift {A} and also take hold of {B}.",
    "Catch {A}, then grab {B} too.",
    "Secure both {A} and {B} quickly.",
    "Hold onto {A}, then pick up {B}.",
    "Use one arm for {A}, the other for {B}.",
    "Let each arm grab either {A} or {B}.",
    "Assign one arm to catch {A}, one for {B}.",
    "Use both arms to lift {A} and {B}.",
    "Grab {A} with one arm, {B} with the other.",
    "Each arm should pick up one: {A}, then {B}.",
    "Pick up {A} and then pick up {B}.",
    "Hold {A} with one arm, hold {B} with the other.",
    "Catch {A}, then catch {B}.",
    "Grab {A}, pick up {B}.",
    "Use each arm to lift {A} and {B}.",
    "Hold {A} in one arm, {B} in the other.",
    "Secure {A}, then secure {B}.",
    "Use both arms to pick up {A} and {B}.",
    "Pick up both {A} and {B}.",
    "Catch {A}, grab {B} next.",
    "Grab {A} with one arm, {B} with the other.",
    "Collect {A}, then pick up {B}.",
    "Lift {A} and {B} with separate arms.",
    "Catch both {A} and {B} quickly.",
    "Use one arm for {A}, another for {B}.",
    "Secure {A} and {B} in succession.",
    "With both arms, pick up {A}, then {B}.",
    "Grasp {A} first, then take {B}.",
    "Assign one arm to each of {A} and {B}.",
    "Pick both {A} and {B} one after another.",
    "Grab {A} using one arm and {B} using the other.",
    "Lift both bottles, {A} with one arm, {B} with the other.",
    "One arm grabs {A}; the other arm grabs {B}.",
    "With two arms, catch both {A} and {B}.",
    "Pick up both {A} and {B} together.",
    "Grab and hold {A}, then grab {B}.",
    "Catch {A}, then take hold of {B}.",
    "Pick up {A}, then pick up {B}.",
    "Lift {A}, continue and pick up {B}.",
    "Hold onto {A} and then get {B}.",
    "Lift both {A} and {B} simultaneously.",
    "Hold both {A} and {B}.",
    "Grab {A} and pick up {B}.",
    "Take hold of {A} and {B}.",
    "Use one arm for {A} and the other for {B}.",
    "Catch {A} with one arm, {B} with another arm.",
    "Use both arms to pick up {A} and {B}.",
    "Catch {A} in one arm and {B} in the other arm.",
    "Hold {A} in one arm, catch {B} with the other arm.",
    "Grab {A} using an arm and {B} with the other arm."
  ],
  "unseen": [
    "Grab {A} and {B} at the same time.",
    "Pick up both {A} and {B} together.",
    "Grab {A} with one arm, grab {B} with the other.",
    "Lift {A} using one arm and lift {B} using the other.",
    "Use each arm to grab {A} and {B}.",
    "Pick up {A} and {B} together.",
    "Pick up {A} with one arm, grab {B} with the other.",
    "Use each arm to lift a bottle: {A}, then {B}.",
    "Grab {A} and grab {B} at once.",
    "Pick up {A} and take {B} together."
  ]
}