{
  "full_description": "Grab the mouse and place it on a colored mat.",
  "schema": "{A} notifies the mouse, {B} notifies the color of the mat(YOU SHOULD SAY {B} mat, or {B} colored mat), {a} notifies the arm to grab the mouse",
  "preference": "num of words should not exceed 15",
  "seen": [
    "Take the {A} and place it on the {B} mat.",
    "Lift the {A} using {a} and move it to the {B} mat.",
    "Use {a} to grab the {A} and set it on the {B} mat.",
    "Pick up the {A} with {a} and place it on the {B} mat.",
    "Grip the {A} and move it onto the {B} mat.",
    "Hold the {A} and transfer it to the {B} mat.",
    "Take hold of the {A} and place it on the {B} mat.",
    "Lift the {A} and position it on the {B} mat.",
    "Using {a}, grab the {A} and set it on the {B} mat.",
    "Pick up the {A} with {a} and move it to the {B} mat.",
    "Use {a} to grab {A} and drop it on the {B} colored mat.",
    "Lift {A} with {a} and place it on the {B} mat.",
    "Grab {A} and move it onto the {B} mat.",
    "Use {a} to pick {A} and place it on the {B} mat.",
    "Take {A} and put it on the {B} mat.",
    "With {a}, grab {A} and position it on the {B} mat.",
    "Pick up {A} and set it on the {B} colored mat.",
    "Lift {A} using {a} and drop it on the {B} colored mat.",
    "Take {A} and place it onto the {B} mat.",
    "Pick {A} with {a} and move it to the {B} mat.",
    "Take {A} and place it on the {B} colored mat.",
    "Use {a} to grab {A} and position it onto the {B} mat.",
    "Lift {A} and set it down on the {B} mat.",
    "Grip {A} using {a} and move it to the {B} mat.",
    "Hold {A} and carefully place it on the {B} mat.",
    "Grab {A} with {a} and lay it onto the {B} colored mat.",
    "Take {A} and adjust it to rest on the {B} mat.",
    "Lift {A} up with {a} and stick it onto the {B} mat.",
    "Grab {A} and place it firmly on the {B} mat.",
    "Use {a} to pick {A} up and set it on the {B} colored mat.",
    "Grab the {A} using {a} and place it on the {B} mat.",
    "Use {a} to lift the {A} and set it on the {B} mat.",
    "Grab the {A} and position it onto the {B} mat.",
    "Pick the {A} and place it on the {B} colored mat.",
    "Lift the {A} using {a} and stick it on the {B} mat.",
    "Take hold of {A} with {a} and drop it on the {B} mat.",
    "Slide the {A} onto the {B} mat gently.",
    "Use {a} to grab the {A} and place it on the {B} colored mat.",
    "Position the {A} on the {B} mat by picking it up.",
    "Lift the {A} and put it down onto the {B} mat.",
    "Lift {A} and place it onto {B} mat.",
    "With {a}, grab {A} and position it on {B} mat.",
    "Take {A} and put it onto {B} mat.",
    "Using {a}, grab {A} and place it on {B} colored mat.",
    "Pick up {A} and move it to {B} mat.",
    "With {a}, pick up {A} and lay it on {B} mat.",
    "Lift {A} and stick it on {B} mat.",
    "Using {a}, pick {A} and position it on {B} colored mat.",
    "Grab {A} and drop it on {B} mat.",
    "With {a}, take {A} and set it on {B} mat."
  ],
  "unseen": [
    "Pick up the {A} and set it on the {B} mat.",
    "Grab the {A} and position it on the {B} mat.",
    "Grab {A} and set it on the {B} mat.",
    "Pick {A} and position it on the {B} colored mat.",
    "Grab {A} and set it on the {B} mat.",
    "Pick up {A} with {a} and drop it onto the {B} mat.",
    "Pick up the {A} and set it on the {B} mat.",
    "Lift the {A} and drop it on the {B} mat.",
    "Grab {A} and set it on {B} mat.",
    "Use {a} to pick up {A} and drop it on {B} mat."
  ]
}