{
  "full_description": "Pick up the phone and put it on the phone stand.",
  "schema": "{A} notifies the phone, {B} notifies the phonestand. Arm use literal 'arm'",
  "preference": "num of words should not exceed 5",
  "seen": [
    "Lift {A} using arm.",
    "Move {A} onto {B}.",
    "Take {A} to {B}.",
    "Hold {A} with arm.",
    "Grab {A} and position.",
    "Put {A} atop {B}.",
    "Use arm to grab {A}.",
    "Carry {A} to {B}.",
    "Lift {A} onto {B}.",
    "Place {A} using arm."
  ],
  "unseen": [
    "Pick up {A}.",
    "Set {A} on {B}."
  ]
}