{
  "full_description": "Use one arm to grab the shoe from the table and place it on the mat.",
  "schema": "{A} notifies the shoe, {a} notifies the arm to manipulate the shoe",
  "preference": "num of words should not exceed 15",
  "seen": [
    "Use {a} to grab the {A} and put it on the mat",
    "Take the {A} off the table and put it on the mat",
    "Lift the {A} from the table using {a} and place it on the mat",
    "Pick the {A} off the table and position it on the mat",
    "Use {a} to lift the {A} from the table and set it on the mat",
    "Grab the {A} on the table and move it to the mat",
    "Take the {A} from the table using {a} and drop it on the mat",
    "Lift the {A} from the table and place it onto the mat",
    "Use {a} to grab the {A} from the table and set it on the mat",
    "Pick the {A} from the table and place it gently on the mat",
    "Take {A} from the table and place it on the mat",
    "Use {a} to pick {A} off the table and move it onto the mat",
    "With {a}, grab {A} from the table and place it on the mat",
    "Lift {A} from the table and gently place it onto the mat",
    "Use {a} to lift {A} from the table and set it on the mat",
    "Take {A} from the table and carefully drop it on the mat",
    "Grab {A} using {a}, move it from the table to the mat",
    "Lift {A} using {a} from the table and place it on the mat",
    "Pick {A} up from the table and drop it directly on the mat",
    "Move {A} from the table to the mat in one fluid motion",
    "Use {a} to grab {A} from the table and move it to the mat",
    "Lift {A} from the table and place it carefully on the mat",
    "Pick up {A} with {a} from the table and place it on the mat",
    "Retrieve {A} from the table and set it on the mat",
    "Use {a} to pick up {A} from the table and drop it on the mat",
    "Take {A} from the table and put it on the mat",
    "With {a}, grab {A} off the table and place it onto the mat",
    "Move {A} from the table and place it down on the mat",
    "Use {a} to lift {A} from the table and set it on the mat",
    "Pick {A} up from the table and put it on the mat",
    "Pick up {A} and move it to the mat",
    "Grab {A} from the table with {a} and place it on the mat",
    "Take {A} and put it on the mat",
    "Use {a} to grab {A} and transfer it to the mat",
    "Lift {A} and place it on the mat",
    "Use {a} to pick {A} and position it on the mat",
    "Pick up {A} from the table and set it on the mat",
    "Grab {A} using {a} and drop it on the mat",
    "Move {A} from the table to the mat",
    "Take {A} with {a} and place it carefully on the mat",
    "Move {A} from the table to the mat",
    "Lift {A} off the table using {a} and drop it on the mat",
    "Grab {A} from the table and place it on the mat",
    "With {a}, pick {A} up from the table and put it on the mat",
    "Take {A} from the table and position it on the mat",
    "Using {a}, grasp {A} from the table and place it onto the mat",
    "Remove {A} from the table and lay it on the mat",
    "Pick up {A} with {a}, move it from the table, and set it on the mat",
    "Transfer {A} from the table to the mat",
    "Using {a}, lift {A} from the table and place it onto the mat"
  ],
  "unseen": [
    "Grab the {A} from the table and set it on the mat",
    "Pick up the {A} from the table and place it on the mat",
    "Pick up {A} from the table and set it on the mat",
    "Grab {A} off the table and drop it on the mat",
    "Grab {A} from the table and place it on the mat",
    "Pick up {A} from the table and set it down on the mat",
    "Grab {A} and set it on the mat",
    "Use {a} to lift {A} and drop it on the mat",
    "Pick up {A} from the table and set it on the mat",
    "Use {a} to grab {A} from the table and place it on the mat"
  ]
}