{
  "full_description": "Use one arm to grab the target object and put it in the basket, then use the other arm to grab the basket, and finally move the basket slightly away.",
  "schema": "{A} notifies the target object, {B} notifies the basket, {a} notifies the arm to grab the target object. {b} notifies the arm to grab the basket",
  "preference": "num of words should not exceed 10. Degree of detail avg is six.",
  "seen": [
    "Use {a} to grab {A}, then drop it in {B}.",
    "Use {a} to pick {A}, then use {b} for {B}.",
    "Grab {A}, drop it in {B}, then move {B}.",
    "Place {A} into {B} and push {B} slightly away.",
    "Pick {A} using {a}, put it in {B}, and shift {B}.",
    "Lift {A} using {a}, drop it in {B}, then push {B} via {b}.",
    "Grab {A}, place it in {B}, then move {B} away.",
    "Pick up {A}, put it in {B}, shift {B} a little.",
    "Use {a} to grab {A}, place it in {B}, and move {B} using {b}.",
    "Lift {A}, drop it in {B}, then slightly relocate {B}.",
    "Use one arm to grab {A}.",
    "Pick {A}, place it in {B}.",
    "Grab {A}, set it into {B}.",
    "Use the other arm to move {B}.",
    "Pick {A}, put it inside {B}.",
    "Grab {A} and drop it in {B}.",
    "Use one arm to place {A} in {B}.",
    "Pick and move {A}, then shift {B}.",
    "Lift {A}, place it into {B}, move {B}.",
    "Use one arm to grab {B} and move it.",
    "Use {a} to put {A} in {B}.",
    "Grab {A}, drop it in {B}, shift {B}.",
    "Move {A} to {B}, then shift {B}.",
    "Use {a} to place {A} into {B}.",
    "Put {A} in {B} and pull {B} away.",
    "Grab {A}, drop in {B}, and move {B}.",
    "Lift {A} using {a}, put it in {B}.",
    "Pick {A}, place it in {B}, shift {B}.",
    "Use {a} to move {A} into {B}, shift {B}.",
    "Put {A} in {B}, then move {B} away slightly.",
    "Pick up {A} and set it inside {B}.",
    "Move {A} using {a}, then place it in {B}.",
    "Place {A} in {B}, then grab {B}.",
    "Use {b} to grab {B} and move it slightly.",
    "Grab {B} and shift it away.",
    "Use {b} to pick up {B} and move it aside.",
    "Pick up {A}, place it in {B}, grab {B}.",
    "Grab {A} with {a}, place it in {B}, then grab {B}.",
    "Use {a} to grab {A}, drop it in {B}, grab {B}.",
    "Set {A} in {B}, and shift {B} away.",
    "Pick up {A} and drop it in {B}, then move {B}.",
    "Take {A}, set it in {B}, shift {B} lightly.",
    "Use one arm to place {A} in {B}, adjust {B}.",
    "Grab {A} with {a}, put it into {B}.",
    "Pick {A} and position it in {B}, move {B} slightly.",
    "Grab {A} with one arm, drop {A} in {B}.",
    "Take {A}, put {A} into {B}, shift {B}.",
    "Use one arm to grab {A}, place it in {B}, then move {B}.",
    "Pick {A}, drop {A} in {B}, slide {B} lightly.",
    "Grab {A} using {a}, drop {A} in {B}, then adjust {B}."
  ],
  "unseen": [
    "Grab {A} and put it into {B}.",
    "Pick up {A}, place it in {B}, move {B}.",
    "Grab {A} and place into {B}.",
    "Move {A} to {B}, then shift {B}.",
    "Pick up {A} and drop in {B}.",
    "Place {A} in {B} and move it.",
    "Grab {A} and put it in {B}.",
    "Use {a} to grab {A} and place it in {B}.",
    "Grab {A}, put it in {B}, move {B}.",
    "Use one arm to grab {A}, place it in {B}."
  ]
}