{
  "full_description": "Use one arm to grab the object and put it on the scale.",
  "schema": "{A} notifies the scale, {B} notifies the object, {a} notifies the arm to grab the object",
  "preference": "num of words should not exceed 10. Degree of detail avg is six.",
  "seen": [
    "Use {a} to grab {B} for {A}",
    "Place {B} on {A} after picking it",
    "Grab {B} with {a} and set it on {A}",
    "Lift {B} with {a} and position it on {A}",
    "Pick {B} and carefully move it to {A}",
    "Grab {B}, then place it smoothly on {A}",
    "Use {a} to hold {B} and drop it on {A}",
    "Lift {B} and stick it on {A} carefully",
    "Hold {B} with {a}, set it down on {A}",
    "Pick {B} and lay it down gently onto {A}",
    "Set {B} down on {A} using one arm",
    "Place {B} on {A} with one arm",
    "Put {B} on {A} without mention of arm",
    "Lift {B} and place on {A}",
    "Pick up {B} and set it on {A}",
    "Use one arm to place {B} on {A}",
    "Lift {B} with one arm and set on {A}",
    "Set {B} onto {A} after grabbing",
    "Grab {B} and drop it on {A}",
    "Carry {B} with one arm to {A}",
    "Pick up {B} and drop it on {A}.",
    "Lift {B} with {a} and set it on {A}.",
    "Place {B} onto {A} using {a}.",
    "Move {B} to {A} and leave it there.",
    "Pick {B} up and set it on {A}.",
    "Use {a} to lift {B} and place on {A}.",
    "Transport {B} to {A} and put it there.",
    "Set {B} on {A} after grabbing it with {a}.",
    "After grabbing {B}, place it on {A}.",
    "Using {a}, grab {B} and transfer it to {A}.",
    "Pick up {B} and set it on {A}",
    "Using {a}, pick {B} then place it on {A}",
    "Lift {B} and drop it onto {A}",
    "With {a}, lift {B} to set it on {A}",
    "Take {B} and place it over {A}",
    "Using {a}, grab {B} and put it on {A}",
    "Pick up {B} and drop it on {A}",
    "With {a}, secure {B} then release it on {A}",
    "Take {B} and lay it onto {A}",
    "Using {a}, grasp {B} and position it on {A}",
    "Use {a} to lift {B} onto {A}",
    "Place {B} carefully on {A} using {a}",
    "Lift {B} and position it on {A}",
    "Grab {B} and carefully set it on {A}",
    "Utilize {a} to grab {B} and place on {A}",
    "Pick {B} with {a} and move it to {A}",
    "Take {B} and put it down on {A}",
    "Using {a}, grab {B} and place on {A}",
    "Move {B} to the position on {A}",
    "With {a}, pick {B} and position it on {A}"
  ],
  "unseen": [
    "Grab {B} and drop it on {A}",
    "Pick {B} up and put it on {A}",
    "Grab {B} and set it on {A}",
    "Use one arm to pick {B} for {A}",
    "Grab {B} and place it on {A}.",
    "Use {a} to put {B} on {A}.",
    "Grab {B} and place it on {A}",
    "With {a}, grab {B} and position it on {A}",
    "Grab {B} and put it on {A}",
    "Pick up {B} and set it on {A}"
  ]
}