{
  "full_description": "Shake the bottle horizontally with proper arm.",
  "schema": "{A} notifies the bottle, {a} notifies the arm to pick the bottle",
  "preference": "num of words should not exceed 10. Degree of detail avg is 6.",
  "seen": [
    "Pick {A} using {a} and move it horizontally.",
    "Lift {A} and shake it horizontally.",
    "Use {a} to hold {A} and shake it sideways.",
    "Grab {A} and shake in a horizontal motion.",
    "Hold {A} with {a} and move it left and right.",
    "Pick {A}, then shake it horizontally.",
    "Lift {A} with {a}, then shake it side to side.",
    "Grip {A}, then shake it back and forth.",
    "Use {a} to pick {A} and shake it horizontally.",
    "Hold {A} and shake it side to side.",
    "Pick up {A} using {a} and shake sideways.",
    "Shake {A} side-to-side after grabbing it.",
    "Use {a} to grab {A} and shake horizontally.",
    "Grab {A} and move it side-to-side repeatedly.",
    "Secure {A} with {a}, shake in horizontal motion.",
    "Hold {A} steady and shake it horizontally.",
    "Take {A} in {a} and shake it back and forth.",
    "Move {A} side-to-side after grabbing it.",
    "Using {a}, grab {A} and shake it sideways.",
    "Grab {A}, shake it horizontally, then release.",
    "Shake {A} horizontally without mentioning {a}.",
    "Grab {A} using {a} and move it side-to-side.",
    "Pick up {A} and shake it horizontally.",
    "Hold {A} with {a} and shake horizontally.",
    "Shake {A} smoothly without using {a} reference.",
    "Utilize {a} to grab {A} and shake sideways.",
    "Simply shake {A} horizontally without {a} details.",
    "Take hold of {A} using {a} and move horizontally.",
    "Grab and shake {A} horizontally without mentioning {a}.",
    "Use {a} to hold {A} firmly and shake horizontally.",
    "Hold {A} and move it side to side.",
    "Grab {A} with {a} and shake horizontally.",
    "Pick {A} up and shake it horizontally.",
    "Lift {A} using {a} and shake it sideways.",
    "Shake {A} from side to side.",
    "Use {a} to grab {A} and move it horizontally.",
    "Pick up {A} and shake it side to side.",
    "Hold {A} using {a} and shake it horizontally.",
    "Lift {A} and move it back and forth.",
    "With {a}, grab {A} and shake it horizontally.",
    "Pick up {A} with {a}, shake it sideways.",
    "Using {a}, shake {A} horizontally.",
    "Lift {A} and move it side-to-side.",
    "Shake {A} horizontally after lifting with {a}.",
    "Pick up {A} and shake it from side to side.",
    "Using {a}, pick up {A} and shake sideways.",
    "Shake {A} side-to-side after grabbing it.",
    "Lift {A} using {a} and shake horizontally.",
    "Hold {A} and move it side to side.",
    "Pick up {A} using {a}, shake it horizontally."
  ],
  "unseen": [
    "Grab {A} with {a} and shake horizontally.",
    "Shake {A} side-to-side after picking it up.",
    "Grab {A} with {a}, shake horizontally.",
    "Shake {A} horizontally after grabbing it.",
    "Grip {A} and shake it horizontally.",
    "Use {a} to hold {A} and shake sideways.",
    "Grab {A} and shake it horizontally.",
    "Use {a} to pick {A} and shake it.",
    "Shake {A} horizontally after grabbing.",
    "Grab {A}, shake it horizontally."
  ]
}